,ant_id,captured_food,searching_food,anthill_id
0,fc3b01bf-5b72-4133-8f3f-688ac15f9ada,3,0,0308be01-9ae7-472b-9b9f-4c9dbc23b236
1,198c7893-ecd8-4b05-b009-cb236fa136b4,2,0,0308be01-9ae7-472b-9b9f-4c9dbc23b236
2,8659c8fa-287b-4973-aaac-0d4e686c3060,2,0,0308be01-9ae7-472b-9b9f-4c9dbc23b236
3,63685098-1855-44bd-90ce-602a9ddf41d6,4,0,0308be01-9ae7-472b-9b9f-4c9dbc23b236
4,664d1513-9498-4271-8681-57e616840f44,1,0,0308be01-9ae7-472b-9b9f-4c9dbc23b236
5,73c875bb-e021-4439-939b-143a1578b3fe,4,0,0308be01-9ae7-472b-9b9f-4c9dbc23b236
6,115bff7e-5413-47d9-a3e7-45e48af7b25c,0,0,0308be01-9ae7-472b-9b9f-4c9dbc23b236
7,6a8b7f76-d7db-4bb0-b1b3-2fddf76d9246,5,0,0308be01-9ae7-472b-9b9f-4c9dbc23b236
8,58bca6df-5a95-4b78-84de-4424d597a9c6,2,0,7a366677-481c-46cb-89bd-091d92a3c870
9,454c23a4-f8a6-4be7-890b-a8471dd1c6b7,3,0,7a366677-481c-46cb-89bd-091d92a3c870
10,ce48c636-e25c-4ee8-9ab1-ec328b53a8cb,0,0,7a366677-481c-46cb-89bd-091d92a3c870
11,5360e910-1399-41e6-8278-35610a14232f,1,1,7a366677-481c-46cb-89bd-091d92a3c870
12,d9a172c4-2e92-4922-b6fa-96d735cde7e0,1,0,7a366677-481c-46cb-89bd-091d92a3c870
13,9a2e5db5-3c7a-4820-b7a9-fa4f4614551b,1,0,7a366677-481c-46cb-89bd-091d92a3c870
14,722ddbbd-8846-491f-a6d8-6c9f66f15336,1,0,7a366677-481c-46cb-89bd-091d92a3c870
15,51a8ab31-4201-4cf9-a90f-603d6c047115,0,0,7a366677-481c-46cb-89bd-091d92a3c870
16,a8b8ff14-5cfd-4908-95cf-d61b55920612,4,1,7a366677-481c-46cb-89bd-091d92a3c870
17,bc53c989-e17e-405e-bd18-bedcfa2b8281,0,1,7a366677-481c-46cb-89bd-091d92a3c870
18,24ba376c-4181-4efa-851d-cc6cbaf6220f,2,0,7a366677-481c-46cb-89bd-091d92a3c870
19,951d7869-1847-4403-988c-e56119524442,2,1,7a366677-481c-46cb-89bd-091d92a3c870
20,278bad8b-b077-4d1b-ab6d-c4b9b2690796,5,0,0308be01-9ae7-472b-9b9f-4c9dbc23b236
21,09300991-40ee-45b5-848e-89299d3ad64e,0,0,0308be01-9ae7-472b-9b9f-4c9dbc23b236
22,5eb529da-c666-420d-a5cd-7750a400b2e1,1,0,0308be01-9ae7-472b-9b9f-4c9dbc23b236
23,39e7dd5b-75fe-4507-b14c-dec416d6b39f,0,0,0308be01-9ae7-472b-9b9f-4c9dbc23b236
24,eb26441c-3fe1-4f79-9a5c-4098c6ac28c5,2,0,0308be01-9ae7-472b-9b9f-4c9dbc23b236
25,1e76dd9f-86f2-41bb-8a02-4ca140dc2244,1,0,0308be01-9ae7-472b-9b9f-4c9dbc23b236
26,aec48a58-87bb-408a-b3a7-b32e8680906b,1,0,0308be01-9ae7-472b-9b9f-4c9dbc23b236
27,33ab804f-fdbc-4a21-ba79-5a338b8215cc,3,1,94081dfc-3f4c-424a-a132-8c35046368ef
28,589a0212-357d-485a-ba53-206e64d0c5d1,2,1,94081dfc-3f4c-424a-a132-8c35046368ef
29,8b1c3c94-e2a0-472e-82aa-f36b07066969,1,1,94081dfc-3f4c-424a-a132-8c35046368ef
30,d990c4d2-80f3-4fa2-8e08-9737d81f2ac4,2,1,94081dfc-3f4c-424a-a132-8c35046368ef
31,2dc0d8ec-dcd9-4355-ab90-f494b3830672,2,0,94081dfc-3f4c-424a-a132-8c35046368ef
32,c631103b-8f5e-4794-99ae-136ab63b98a8,3,1,94081dfc-3f4c-424a-a132-8c35046368ef
33,edfc104f-268c-46b2-a70c-bc9770062788,2,1,94081dfc-3f4c-424a-a132-8c35046368ef
34,d742a1fd-9b1e-4ac8-9715-a9036f8ac382,2,1,94081dfc-3f4c-424a-a132-8c35046368ef
35,4b32216b-0e45-48da-9ba1-207968359a5b,3,0,94081dfc-3f4c-424a-a132-8c35046368ef
36,14e7615f-b8a0-42fb-8cbd-9bd091727167,3,1,94081dfc-3f4c-424a-a132-8c35046368ef
37,8c533453-5ba6-45ee-967e-2d2f5581e875,3,1,94081dfc-3f4c-424a-a132-8c35046368ef
38,8bd6fc53-fd2e-4ab9-8ad0-0a36295b951b,1,1,94081dfc-3f4c-424a-a132-8c35046368ef
39,ce31929e-56c7-4d56-bf6e-af86ad04626c,2,1,94081dfc-3f4c-424a-a132-8c35046368ef
40,e243ae78-5be6-444a-a7da-d09ea85ac698,1,1,94081dfc-3f4c-424a-a132-8c35046368ef
41,ea433c67-d061-4b17-ad3a-ffc5ee1bbb80,3,1,94081dfc-3f4c-424a-a132-8c35046368ef
42,78ac5cfc-2422-43f1-b21f-2734074965de,2,1,94081dfc-3f4c-424a-a132-8c35046368ef
43,4aff42df-6c98-4bea-abe1-b538e2ff4615,2,1,94081dfc-3f4c-424a-a132-8c35046368ef
44,70af947b-72ae-4560-b2c9-5676015ee44d,1,1,94081dfc-3f4c-424a-a132-8c35046368ef
45,a11552e8-a891-4583-a117-60681b5528db,2,1,94081dfc-3f4c-424a-a132-8c35046368ef
46,5a600b7f-98e5-4240-bf55-b79d014da0b8,2,1,94081dfc-3f4c-424a-a132-8c35046368ef
47,cd0560d5-2b9a-439c-a4e6-047c9f35e8ba,1,1,94081dfc-3f4c-424a-a132-8c35046368ef
48,313d2b27-ea04-4f99-9b41-cd0dc2bfef50,2,1,94081dfc-3f4c-424a-a132-8c35046368ef
49,3aab7634-d726-4ba0-b60f-ac8fa023bd6a,0,1,94081dfc-3f4c-424a-a132-8c35046368ef
50,4b8d63df-ce31-42de-9958-9a0997d868a2,0,1,94081dfc-3f4c-424a-a132-8c35046368ef
51,7467f132-1d7c-414a-b9c9-048000a36e36,1,1,94081dfc-3f4c-424a-a132-8c35046368ef
52,6465cdd9-d924-4e89-9a43-4f1706c21a33,0,1,94081dfc-3f4c-424a-a132-8c35046368ef
53,47a175ad-ab8b-4fde-a875-c496f68e1713,0,1,94081dfc-3f4c-424a-a132-8c35046368ef
54,5d9948e1-fc5f-4166-ba92-1d69937acfa6,1,1,94081dfc-3f4c-424a-a132-8c35046368ef
55,32c5310b-ab3f-429f-a30e-a2b851b3fbfe,0,1,94081dfc-3f4c-424a-a132-8c35046368ef
56,4739ee00-3351-44b6-a759-9729ba9946a2,0,1,94081dfc-3f4c-424a-a132-8c35046368ef
57,223deb95-261f-4324-9b72-c94e9294852b,0,1,94081dfc-3f4c-424a-a132-8c35046368ef
58,257318f4-3a81-4a4c-9eb3-6c0dbae51332,3,1,7a366677-481c-46cb-89bd-091d92a3c870
59,348e8930-273a-43e6-b961-67eb466d9813,1,1,7a366677-481c-46cb-89bd-091d92a3c870
60,5c6b0fcc-df25-40b8-893b-3ae1551aac3e,2,1,9c1df5f9-7d95-4135-9c83-14e45e785423
61,debcafa8-e029-491d-a438-02f816aed6e5,2,0,9c1df5f9-7d95-4135-9c83-14e45e785423
62,2717ad90-7abb-4bb2-bd91-f7f6dab6f3af,1,1,9c1df5f9-7d95-4135-9c83-14e45e785423
63,c8c765ec-399b-4487-8796-89dd205f6248,0,1,9c1df5f9-7d95-4135-9c83-14e45e785423
64,ffb5f15b-c77d-4f54-89a1-fb79a1accefb,2,1,9c1df5f9-7d95-4135-9c83-14e45e785423
65,aba24391-7e7a-4c26-a645-9a9c5b5452f4,0,0,9c1df5f9-7d95-4135-9c83-14e45e785423
66,9cf36ff8-b7b2-46e3-b4f1-36cb77b15aea,1,0,9c1df5f9-7d95-4135-9c83-14e45e785423
67,2af4f019-541e-4ebb-8495-a50eb2e2b541,1,0,9c1df5f9-7d95-4135-9c83-14e45e785423
68,70340b0b-4ae9-4e1a-a0fd-7fe963a04358,2,1,9c1df5f9-7d95-4135-9c83-14e45e785423
69,65cba5bd-6315-4588-bcc5-539390001991,2,1,9c1df5f9-7d95-4135-9c83-14e45e785423
70,4b09851b-d9a8-448d-8010-8971df67b160,2,1,9c1df5f9-7d95-4135-9c83-14e45e785423
71,8bb55732-578d-4485-be22-a540c7b44794,2,1,9c1df5f9-7d95-4135-9c83-14e45e785423
72,f6caa9a5-6a94-42f1-bafc-d80ff59129a4,2,1,9c1df5f9-7d95-4135-9c83-14e45e785423
73,b071790c-e0ee-42c2-b763-adcca9acb8e6,3,1,9c1df5f9-7d95-4135-9c83-14e45e785423
74,8fd2d4d8-ff43-4248-9eeb-375d0f53b978,0,0,9c1df5f9-7d95-4135-9c83-14e45e785423
75,22d763db-b213-4dd0-827f-a496c353724a,1,0,9c1df5f9-7d95-4135-9c83-14e45e785423
76,a990de1a-a403-4217-b2ce-e47d8d449d1f,0,1,9c1df5f9-7d95-4135-9c83-14e45e785423
77,dc19482e-38a8-48e5-be0c-da1e3360fe54,0,1,9c1df5f9-7d95-4135-9c83-14e45e785423
78,14c297fd-6aac-4d8d-b1be-02a0e3d63825,3,0,9c1df5f9-7d95-4135-9c83-14e45e785423
79,b64120cb-4f16-4e75-b70c-f9c3913adc49,1,1,9c1df5f9-7d95-4135-9c83-14e45e785423
80,c4db72aa-33d5-4f05-a51d-af0df3a33a4b,3,1,9c1df5f9-7d95-4135-9c83-14e45e785423
81,39811bf5-e9a6-46db-8e05-62ff501954ab,1,0,9c1df5f9-7d95-4135-9c83-14e45e785423
82,4f15a72a-523f-4cf5-ba80-1891ca5d97b0,0,0,9c1df5f9-7d95-4135-9c83-14e45e785423
83,b131cb32-74d5-4d4e-8529-eb952edba59f,0,1,fbae123a-be6b-4df7-b7a5-14a00f93d456
84,0b23bdb2-d89a-4f90-8359-9b140660449e,0,1,fbae123a-be6b-4df7-b7a5-14a00f93d456
85,a56aad24-575a-4384-ae04-6b3b421651fb,0,1,fbae123a-be6b-4df7-b7a5-14a00f93d456
86,d80a51ae-eebb-4132-8528-b9ca1ededf94,0,1,fbae123a-be6b-4df7-b7a5-14a00f93d456
87,d16b35da-0bdb-4be8-8a7e-0b422c1414af,0,1,fbae123a-be6b-4df7-b7a5-14a00f93d456
88,db421b75-b285-4161-a7d2-c0feb0f04846,2,1,9c1df5f9-7d95-4135-9c83-14e45e785423
89,3e6f16c1-97be-4ee6-afbe-f230a858fb96,2,1,9c1df5f9-7d95-4135-9c83-14e45e785423
90,5e629632-76b2-4250-919a-dec9fa2152ae,4,0,25e6ed1e-496b-494a-8119-eea3d4cbd62d
91,f7494174-37cd-4d9b-9ba8-eb876f563e46,4,0,25e6ed1e-496b-494a-8119-eea3d4cbd62d
92,16c0a4e9-2f2a-40a9-8b0b-cf26ce29d463,5,0,25e6ed1e-496b-494a-8119-eea3d4cbd62d
93,61171b00-093c-4a46-9329-5c7abd7be775,1,0,25e6ed1e-496b-494a-8119-eea3d4cbd62d
94,88ba4c50-4320-4336-ac1a-1562164c53a4,2,0,25e6ed1e-496b-494a-8119-eea3d4cbd62d
95,2b9d2ade-13cc-4ee8-a6ec-3d74be11c637,2,0,25e6ed1e-496b-494a-8119-eea3d4cbd62d
96,76762de3-69e3-422f-a9e7-80740d031b51,1,1,94081dfc-3f4c-424a-a132-8c35046368ef
97,f1dc0ca1-30e8-4752-954f-0d7e1e04e63a,3,1,94081dfc-3f4c-424a-a132-8c35046368ef
98,92a02be6-c924-45f5-8037-0009ee8fc843,1,1,94081dfc-3f4c-424a-a132-8c35046368ef
99,919cd36e-88ea-4e87-977b-9e6a0785cb46,3,1,94081dfc-3f4c-424a-a132-8c35046368ef
100,e95bbe00-0adf-4ff5-9c61-f2dd0621a22c,2,0,94081dfc-3f4c-424a-a132-8c35046368ef
101,e99c2383-bd02-4443-89fd-4388aa9b1d46,1,1,94081dfc-3f4c-424a-a132-8c35046368ef
102,b81f6728-2f15-4fc7-96ca-52e7a08bc9ee,1,0,94081dfc-3f4c-424a-a132-8c35046368ef
103,5d112b83-4e2b-4601-a5fa-396c330b10b2,3,1,94081dfc-3f4c-424a-a132-8c35046368ef
104,844178db-d418-4b60-85be-544ff1c19a8b,2,1,94081dfc-3f4c-424a-a132-8c35046368ef
105,2be55cfe-ca9b-428a-b517-43170d966f0e,1,1,94081dfc-3f4c-424a-a132-8c35046368ef
106,3dc3752a-034e-4748-bb9d-dc4d6659d9bb,2,1,94081dfc-3f4c-424a-a132-8c35046368ef
107,4d3302ed-ddd0-4d0a-a375-216e40b73b3a,1,0,25e6ed1e-496b-494a-8119-eea3d4cbd62d
108,f7eba8f7-47f0-4bd9-a2f3-fe2d8a5ca383,3,0,25e6ed1e-496b-494a-8119-eea3d4cbd62d
109,2bdcb01a-96d6-4247-8a36-24d6e25405bb,4,0,25e6ed1e-496b-494a-8119-eea3d4cbd62d
110,b0b355e6-b028-4d5c-85b0-500e893f985a,0,0,25e6ed1e-496b-494a-8119-eea3d4cbd62d
111,ea8af37e-0740-4c95-a238-0caceb5b88a1,0,0,25e6ed1e-496b-494a-8119-eea3d4cbd62d
112,553322bf-e48f-41e8-aff2-4a23ea6a05f8,2,0,25e6ed1e-496b-494a-8119-eea3d4cbd62d
113,b2b96ffc-5bc0-4bf6-8790-bdc94f5aa5ea,0,0,25e6ed1e-496b-494a-8119-eea3d4cbd62d
114,9c292516-52f5-40b1-bafb-3095887641e6,2,0,25e6ed1e-496b-494a-8119-eea3d4cbd62d
115,59eb613a-c665-43b3-b879-1a67eb66367a,1,0,25e6ed1e-496b-494a-8119-eea3d4cbd62d
116,d063db28-e9d5-4b7f-9520-a3d03b3b4417,4,0,2ba25767-9ef1-40aa-ad4a-668bf51314b3
117,439bace7-97e4-4c07-b6b7-f677d08547d2,5,0,2ba25767-9ef1-40aa-ad4a-668bf51314b3
118,ec5916cf-ea5d-4807-95d9-7879a4357e99,3,0,2ba25767-9ef1-40aa-ad4a-668bf51314b3
119,a1976986-601c-4e4d-94cb-31962e2b94ee,2,0,2ba25767-9ef1-40aa-ad4a-668bf51314b3
120,150114e4-d9af-4d6c-8ad2-90e61089f223,0,0,2ba25767-9ef1-40aa-ad4a-668bf51314b3
121,9a0d14d3-7060-4120-9173-b44f27426edb,2,0,2ba25767-9ef1-40aa-ad4a-668bf51314b3
122,f219b34b-ea21-4ff0-a116-171f05e72ef6,0,1,94081dfc-3f4c-424a-a132-8c35046368ef
123,1f2a3e62-f430-4e1f-ad72-372bf0c6f49b,0,1,94081dfc-3f4c-424a-a132-8c35046368ef
124,3c858fb0-94d3-403a-969a-e844f43f3e20,0,0,14629148-53a8-431d-852b-bec393be9b9e
125,9310dbbc-64d5-46c4-9c9d-09805bf2f05a,3,0,14629148-53a8-431d-852b-bec393be9b9e
126,2ea1591f-c22e-44d9-a84f-22a6accba3ac,0,1,7a366677-481c-46cb-89bd-091d92a3c870
127,c534aed3-870e-4a8f-9a00-d4410023e180,0,1,7a366677-481c-46cb-89bd-091d92a3c870
128,aa1763a7-2097-4a6e-acad-4542d57c3ee8,0,1,7a366677-481c-46cb-89bd-091d92a3c870
129,d9874108-58d6-44ba-9dcf-870891131b72,0,1,7a366677-481c-46cb-89bd-091d92a3c870
130,838e0895-b7da-44aa-8d55-ab349afc1a75,0,1,7a366677-481c-46cb-89bd-091d92a3c870
131,0be11f7c-379e-4fc5-85f7-151fe6e0b91f,0,1,7a366677-481c-46cb-89bd-091d92a3c870
132,4c2cb50b-aca0-4051-84d0-97cbc1912cc0,1,1,7a366677-481c-46cb-89bd-091d92a3c870
133,056b8408-5124-440e-804e-168c78a83401,0,1,7a366677-481c-46cb-89bd-091d92a3c870
134,10e1ace0-2b08-4071-8a9d-72af75b031b8,0,1,7a366677-481c-46cb-89bd-091d92a3c870
135,e5cec198-b221-4f05-bfb7-be831bf5b2de,0,1,7a366677-481c-46cb-89bd-091d92a3c870
136,5ea26e5d-393a-400b-af0e-827ff00c8792,0,1,7a366677-481c-46cb-89bd-091d92a3c870
137,54480647-6fcb-4a51-b542-61a9cd8b6469,0,1,7a366677-481c-46cb-89bd-091d92a3c870
138,8fe94a02-3588-419a-9c58-c52eb43ebe8f,0,1,7a366677-481c-46cb-89bd-091d92a3c870
139,d570f93f-7c99-4f2a-8cf5-96ae2a9b85ed,0,1,7a366677-481c-46cb-89bd-091d92a3c870
140,f221c13d-d3f0-40c1-b5be-11724bddeaa2,0,1,7a366677-481c-46cb-89bd-091d92a3c870
141,7b5bfdbd-4024-4eae-951b-712243644c63,0,1,7a366677-481c-46cb-89bd-091d92a3c870
142,9f05715a-e8f5-4278-a1aa-5605d7aa8131,0,1,7a366677-481c-46cb-89bd-091d92a3c870
143,cf98d04d-04b2-4649-aae6-8e3b8da268fc,0,1,7a366677-481c-46cb-89bd-091d92a3c870
144,1de283d5-4f52-4ea2-aaa1-47dead1e75ef,0,1,7a366677-481c-46cb-89bd-091d92a3c870
145,c9198e54-38b2-4a25-99fe-47e3892ab591,3,0,9c1df5f9-7d95-4135-9c83-14e45e785423
146,60964ec1-ed95-4993-a910-723fa58fe1dd,2,0,9c1df5f9-7d95-4135-9c83-14e45e785423
147,17a7c840-4d3b-4fe8-92bc-f4c5548c7688,2,1,9c1df5f9-7d95-4135-9c83-14e45e785423
148,71b8ce5a-3e4a-4e2c-bf4e-e5ef7a646d24,1,1,9c1df5f9-7d95-4135-9c83-14e45e785423
149,a4c63fec-b38a-489a-8c84-6767dc5545d8,0,0,9c1df5f9-7d95-4135-9c83-14e45e785423
150,e4ea97eb-b127-452b-9bf6-e9e0c9a1d81e,1,0,9c1df5f9-7d95-4135-9c83-14e45e785423
151,ece273b0-74bf-4c54-b260-144ee1c6a970,1,0,9c1df5f9-7d95-4135-9c83-14e45e785423
152,396e94a5-f001-408d-9577-44a43ea4c8fa,1,1,9c1df5f9-7d95-4135-9c83-14e45e785423
153,1b5da956-1ebb-40db-8166-f450b188eb38,2,1,9c1df5f9-7d95-4135-9c83-14e45e785423
154,a3c0021f-d169-49fd-aea5-086250bf9559,0,0,9c1df5f9-7d95-4135-9c83-14e45e785423
155,53d6a6fb-1557-43af-a258-baeb7ac69018,1,0,9c1df5f9-7d95-4135-9c83-14e45e785423
156,318b0ac9-a003-4bae-81d7-0f012437bfbc,2,0,9c1df5f9-7d95-4135-9c83-14e45e785423
157,911fe07b-3ec9-4c5e-ac71-5f0d6a0f3c6d,0,1,fbae123a-be6b-4df7-b7a5-14a00f93d456
158,9abd49f7-9d12-46b6-9a4a-115b3c68f8c3,2,1,fbae123a-be6b-4df7-b7a5-14a00f93d456
159,72af1aab-97a1-4f1a-8cd9-784f9646ddc1,3,1,fbae123a-be6b-4df7-b7a5-14a00f93d456
160,b1ab9f3f-b521-46e3-bdf4-60a1f127317f,0,1,fbae123a-be6b-4df7-b7a5-14a00f93d456
161,8dfc32ff-7cb1-4618-96ea-08ec7f37acb5,2,0,fbae123a-be6b-4df7-b7a5-14a00f93d456
162,a8dcf79a-1b91-4b3c-8715-be09222ed131,1,0,fbae123a-be6b-4df7-b7a5-14a00f93d456
163,ec81193a-8dbb-4e31-bc94-36d5206f60ba,1,1,09470ac6-9deb-4e0d-91c3-f80097848d6f
164,8502877f-ded0-4e4a-b358-1403a2dbc0bc,0,1,09470ac6-9deb-4e0d-91c3-f80097848d6f
165,5fa9378a-afc7-4b71-813c-df3ce66b3ee0,0,1,09470ac6-9deb-4e0d-91c3-f80097848d6f
166,364ed526-1b9c-4e42-ad0c-ecfe9555bf22,1,1,09470ac6-9deb-4e0d-91c3-f80097848d6f
167,fc77d981-f1c2-4881-a54f-9e9c0358fb6c,0,1,09470ac6-9deb-4e0d-91c3-f80097848d6f
168,6efd9ddb-a897-40ba-b56e-9a49713654b2,0,1,09470ac6-9deb-4e0d-91c3-f80097848d6f
169,a244e5bb-fa19-43e2-9289-7b3b9a1ff2ae,0,1,09470ac6-9deb-4e0d-91c3-f80097848d6f
170,9ce198e5-75d6-4939-bd4c-efa969553796,3,1,7a366677-481c-46cb-89bd-091d92a3c870
171,0905c856-de24-46e0-997d-8c077139b6df,3,1,7a366677-481c-46cb-89bd-091d92a3c870
172,70a66426-d112-4d0b-8368-a28ab82e6fbd,2,0,7a366677-481c-46cb-89bd-091d92a3c870
173,115457da-79cf-4a96-9662-4a78f25357bc,3,1,7a366677-481c-46cb-89bd-091d92a3c870
174,87b8cde5-7985-4b43-8573-fca893ee0572,0,1,7a366677-481c-46cb-89bd-091d92a3c870
175,d353d080-6761-44b9-a70e-90eb94308898,2,0,7a366677-481c-46cb-89bd-091d92a3c870
176,2dfab9cd-2912-46b4-a969-67d10e024653,3,1,7a366677-481c-46cb-89bd-091d92a3c870
177,0187fc4c-9ea4-4b18-a281-4f5ac9c5bc13,0,1,7a366677-481c-46cb-89bd-091d92a3c870
178,ea4471aa-1430-4bac-8963-ed07f03a3b9f,3,1,7a366677-481c-46cb-89bd-091d92a3c870
179,2e83b5d5-ec59-4370-a333-0385022409fd,2,0,7a366677-481c-46cb-89bd-091d92a3c870
180,e56aa282-5d0f-47fc-ad20-408b5e5b3c27,2,1,7a366677-481c-46cb-89bd-091d92a3c870
181,34baf945-8f25-416e-ab57-c48dae41b9d2,2,1,7a366677-481c-46cb-89bd-091d92a3c870
182,5fe83cd4-c0f7-4f77-b142-50c47968622b,2,0,7a366677-481c-46cb-89bd-091d92a3c870
183,5e29f94e-41c1-4310-afac-da2894b6ede0,0,1,94081dfc-3f4c-424a-a132-8c35046368ef
184,ab973d43-23a4-49cc-9926-9193268dd987,0,1,94081dfc-3f4c-424a-a132-8c35046368ef
185,c5ef4f8a-6260-4aa7-9060-87f99b5144aa,0,1,94081dfc-3f4c-424a-a132-8c35046368ef
186,1c703680-41aa-4ec1-b95a-beef1bd8f16d,0,1,94081dfc-3f4c-424a-a132-8c35046368ef
187,daeb393f-1166-47f2-a2b2-f29e23949e96,0,1,94081dfc-3f4c-424a-a132-8c35046368ef
188,9aaa173a-e764-4fc8-b23a-1abadbb789c0,0,1,94081dfc-3f4c-424a-a132-8c35046368ef
189,d09411f4-2d24-43bf-9789-2f706f3b8122,0,1,94081dfc-3f4c-424a-a132-8c35046368ef
190,7624a8b8-efc6-4629-b578-be6a51622fd3,1,1,94081dfc-3f4c-424a-a132-8c35046368ef
191,81a9f08b-c35b-4571-8f32-2ad04a3e8509,0,1,94081dfc-3f4c-424a-a132-8c35046368ef
192,f0bf5cab-0cd4-4606-91e7-3d51e5a01922,1,1,94081dfc-3f4c-424a-a132-8c35046368ef
193,8e4a605a-b6a2-4430-a0fb-da29080771a7,1,1,94081dfc-3f4c-424a-a132-8c35046368ef
194,53909509-860b-4535-a8ba-a14635ca789f,1,1,94081dfc-3f4c-424a-a132-8c35046368ef
195,a41a4131-cb5f-468f-a357-70ec552dd0eb,0,1,94081dfc-3f4c-424a-a132-8c35046368ef
196,992c06b1-700c-4a79-8d2f-79a15da4f262,0,1,94081dfc-3f4c-424a-a132-8c35046368ef
197,470967e2-7cde-4916-a354-0156f3a8482e,0,1,94081dfc-3f4c-424a-a132-8c35046368ef
198,8bc99925-39f3-40d2-b97b-d8283f49f17c,0,1,94081dfc-3f4c-424a-a132-8c35046368ef
199,8fc52256-cc00-4da5-bed0-ff40a0db3bbb,0,1,94081dfc-3f4c-424a-a132-8c35046368ef
200,5961b16b-4e98-42a3-8804-3f6922d17ea5,0,1,94081dfc-3f4c-424a-a132-8c35046368ef
201,c49ed332-3c71-47b8-9e43-8a48b9181eb6,0,1,94081dfc-3f4c-424a-a132-8c35046368ef
202,043f88dc-dad0-400f-ae93-0b67e4e39dc6,1,1,94081dfc-3f4c-424a-a132-8c35046368ef
203,7ee7f607-2194-4d2b-954d-9fe256f370f9,1,1,94081dfc-3f4c-424a-a132-8c35046368ef
204,c0974c0b-fe51-4659-92e9-e833b8bc4c32,4,1,94081dfc-3f4c-424a-a132-8c35046368ef
205,e5e0f4b9-98bc-49e3-b75a-fbdb2a280384,3,1,94081dfc-3f4c-424a-a132-8c35046368ef
206,6b49a05d-e1fa-4963-87a1-770657387808,2,1,94081dfc-3f4c-424a-a132-8c35046368ef
207,0491292f-4cee-40ef-8cb5-7e342dc3ce84,2,1,94081dfc-3f4c-424a-a132-8c35046368ef
208,8f9ee6ee-1133-4c1b-bb75-69704eb6850a,0,0,94081dfc-3f4c-424a-a132-8c35046368ef
209,ae4c58bf-e143-4428-9118-e5c7c2721241,1,1,94081dfc-3f4c-424a-a132-8c35046368ef
210,9b1a476d-a03a-4802-94e2-1edf834d8df1,1,0,94081dfc-3f4c-424a-a132-8c35046368ef
211,1a9be294-2462-4ee7-8596-2e10f9495600,2,1,94081dfc-3f4c-424a-a132-8c35046368ef
212,b7df4a36-8551-4819-8094-e59ac217bb08,1,0,94081dfc-3f4c-424a-a132-8c35046368ef
213,230e76bd-40dd-464f-bc5a-798f598e9ada,0,0,94081dfc-3f4c-424a-a132-8c35046368ef
214,aca94fb1-ee48-41fc-a4d7-0c2939b9a40a,1,0,94081dfc-3f4c-424a-a132-8c35046368ef
215,4436f3c3-bbe7-47c4-8e2e-3fcd8e295f49,1,1,94081dfc-3f4c-424a-a132-8c35046368ef
216,67ff6e41-e28f-4bd5-b5ae-9a84ff34d08d,1,1,94081dfc-3f4c-424a-a132-8c35046368ef
217,8e8845b8-3301-42a1-aed8-5076af9962e9,1,1,94081dfc-3f4c-424a-a132-8c35046368ef
218,5803116d-4f9b-4c13-a61b-3a400698e2c6,1,0,94081dfc-3f4c-424a-a132-8c35046368ef
219,58321171-dd27-4c37-9912-fb6aa3d6483a,0,1,94081dfc-3f4c-424a-a132-8c35046368ef
220,87dfe4f6-94d9-4e71-9b0e-841e94c259bb,1,0,94081dfc-3f4c-424a-a132-8c35046368ef
221,23addab0-c4d3-4fd1-8c2f-471b862eeee4,0,1,94081dfc-3f4c-424a-a132-8c35046368ef
222,5a056619-abd5-4a80-b555-0e8c85446e0a,0,1,94081dfc-3f4c-424a-a132-8c35046368ef
223,1b324d0e-196b-4e58-b00a-c576d013b778,1,1,94081dfc-3f4c-424a-a132-8c35046368ef
224,61c1eb33-102e-445d-9604-d67658bc654a,0,1,94081dfc-3f4c-424a-a132-8c35046368ef
225,218558a3-a34d-4896-9f03-714e89b932f6,0,1,94081dfc-3f4c-424a-a132-8c35046368ef
226,422d49e1-d1ae-4441-b9c9-d3df5de4cf25,3,1,94081dfc-3f4c-424a-a132-8c35046368ef
227,a111c970-2035-4f9c-b226-ab96831a445c,1,1,94081dfc-3f4c-424a-a132-8c35046368ef
228,83f25d27-1eca-4619-8f2e-6cebcf66c5f1,1,0,94081dfc-3f4c-424a-a132-8c35046368ef
229,f3df6eed-1768-4988-afad-2c6eed46964f,2,1,94081dfc-3f4c-424a-a132-8c35046368ef
230,c5a032be-3f60-4306-96a6-1b8b69abb707,1,1,94081dfc-3f4c-424a-a132-8c35046368ef
231,886c6ac4-c0f0-4c3d-a402-0dede50abd3a,2,0,14629148-53a8-431d-852b-bec393be9b9e
232,ec38db62-5623-4388-ad84-61e4dfded1b7,4,0,14629148-53a8-431d-852b-bec393be9b9e
233,84931b9c-7b15-4a37-abbc-ab8da17e5c29,1,0,14629148-53a8-431d-852b-bec393be9b9e
234,dcc34600-16cc-4702-b80d-0b32ebdef102,0,0,14629148-53a8-431d-852b-bec393be9b9e
235,e7f4e563-7149-4e51-95b7-e683346ee6b4,3,0,14629148-53a8-431d-852b-bec393be9b9e
236,957daab7-8a6c-4db8-adb6-e45e55b181a4,2,0,14629148-53a8-431d-852b-bec393be9b9e
237,6bbb1220-e575-441e-8bc9-33a73d4d4779,1,0,14629148-53a8-431d-852b-bec393be9b9e
238,b01604d3-9e78-4a5b-85aa-74ed6705e3bc,1,1,7a366677-481c-46cb-89bd-091d92a3c870
239,c61f3ee5-05ba-4ab9-b568-e1229acb3459,2,0,7a366677-481c-46cb-89bd-091d92a3c870
240,40c453ef-d219-4876-956d-fab207d81247,0,1,7a366677-481c-46cb-89bd-091d92a3c870
241,4010abe8-000e-4db2-ba6a-cc36e5b48f9e,1,0,7a366677-481c-46cb-89bd-091d92a3c870
242,0b78d33c-3814-4e39-aebb-64ebb90b20f3,1,1,7a366677-481c-46cb-89bd-091d92a3c870
243,2aaa00bb-26ca-4d5c-9a68-3a7f60180790,1,1,7a366677-481c-46cb-89bd-091d92a3c870
244,d6d863ef-623f-4456-9b2e-b1d40dea4fa5,2,0,7a366677-481c-46cb-89bd-091d92a3c870
245,c4b3fe2a-062f-433c-a5f2-ff6e23d55ae6,0,1,7a366677-481c-46cb-89bd-091d92a3c870
246,480f53aa-9b16-4ed7-afad-e483e66aaca0,2,1,7a366677-481c-46cb-89bd-091d92a3c870
247,b3cab397-cb03-4491-bad8-13fee1576df5,3,1,7a366677-481c-46cb-89bd-091d92a3c870
248,29014f2b-5d7e-4ed1-ba0f-f9e997ebd43d,1,1,7a366677-481c-46cb-89bd-091d92a3c870
249,11381cf6-e136-437f-8200-8d6993fca12a,3,1,7a366677-481c-46cb-89bd-091d92a3c870
250,f066c699-fa50-40b3-89af-69596a9a0bc0,2,1,7a366677-481c-46cb-89bd-091d92a3c870
251,c8fb4560-f664-4a08-8cf0-d2b9e1f06f23,1,1,7a366677-481c-46cb-89bd-091d92a3c870
252,12b4010e-9e75-4577-9872-3fadd4f5f943,1,1,7a366677-481c-46cb-89bd-091d92a3c870
253,cdce5b74-5352-4662-8389-8e4e2a0c3f07,1,1,7a366677-481c-46cb-89bd-091d92a3c870
254,51645e70-2ec1-4753-aea4-5223a06adb47,1,1,7a366677-481c-46cb-89bd-091d92a3c870
255,eb8cfda2-baef-4624-a2c0-b232e34425a6,0,1,7a366677-481c-46cb-89bd-091d92a3c870
256,53fa592d-9a87-41c7-a12f-e67cb95abfdc,0,1,7a366677-481c-46cb-89bd-091d92a3c870
257,031d546f-30e3-41cf-a9fc-51d16ea294fe,1,1,7a366677-481c-46cb-89bd-091d92a3c870
258,3a7a1ea3-6f07-4767-a920-79c9ebff059c,0,1,7a366677-481c-46cb-89bd-091d92a3c870
259,01f0d068-aad0-48d2-b3a8-03fb14a9a474,0,1,7a366677-481c-46cb-89bd-091d92a3c870
260,30438ba8-dbee-4fe1-a7c4-254031f8a510,0,1,7a366677-481c-46cb-89bd-091d92a3c870
261,2c972594-442b-449f-a796-351d25bf0d58,1,1,7a366677-481c-46cb-89bd-091d92a3c870
262,efd22118-7214-4fc6-888d-7881bb060e2f,0,1,7a366677-481c-46cb-89bd-091d92a3c870
263,2557231a-5222-4990-9ef3-ce23c8ec35f0,0,1,7a366677-481c-46cb-89bd-091d92a3c870
264,b67794a2-c21e-49a4-8bf1-cdcbda23a88a,1,1,7a366677-481c-46cb-89bd-091d92a3c870
265,f56e9d17-1bc3-40da-b818-9d6cd663152f,0,1,7a366677-481c-46cb-89bd-091d92a3c870
266,f86ad7f8-77a9-457a-9369-c8706aa73658,1,0,7a366677-481c-46cb-89bd-091d92a3c870
267,67f1df36-91cd-4ff5-8cdf-02b76130b002,2,1,7a366677-481c-46cb-89bd-091d92a3c870
268,0efbbb1d-d372-4aea-889d-a9ea01a33978,0,1,94081dfc-3f4c-424a-a132-8c35046368ef
269,119c4f24-1cc7-40e1-804d-d09782fcb8b6,0,1,94081dfc-3f4c-424a-a132-8c35046368ef
270,d3956492-8b7b-4413-8e08-1798deeb313b,0,1,94081dfc-3f4c-424a-a132-8c35046368ef
271,bfc98362-853f-44df-a701-c1043948d765,0,1,94081dfc-3f4c-424a-a132-8c35046368ef
272,c55ea058-b794-4d96-8b1f-943591ca2c3e,0,1,94081dfc-3f4c-424a-a132-8c35046368ef
273,ca4bd216-f2c3-46e4-a5d4-b423d3dc9fc7,0,1,94081dfc-3f4c-424a-a132-8c35046368ef
274,c6b929bf-214b-4461-8e6a-0be169018343,0,1,94081dfc-3f4c-424a-a132-8c35046368ef
275,284d8bce-3471-4be9-a514-f3578b255e61,1,1,09470ac6-9deb-4e0d-91c3-f80097848d6f
276,0340b4a2-87f2-4c36-a14c-0d51b4be24e5,1,0,09470ac6-9deb-4e0d-91c3-f80097848d6f
277,05f54604-1c82-4718-a011-e4cb06dbe519,1,0,09470ac6-9deb-4e0d-91c3-f80097848d6f
278,3b0572cf-b123-43b5-8d32-3d4ee31e8a65,0,1,09470ac6-9deb-4e0d-91c3-f80097848d6f
279,133326d6-7d4b-4c0d-a62b-175734e4aedc,0,0,09470ac6-9deb-4e0d-91c3-f80097848d6f
280,8258fd6b-4642-4db0-aff0-1d15b5d1ff99,1,0,a51ad0ca-d77b-4e28-8753-36044bf265d2
281,ca7c0c65-459b-4c44-9032-c8da746d3adf,3,1,09470ac6-9deb-4e0d-91c3-f80097848d6f
282,7d99b5c7-490a-4f06-9301-a3d5fd76ccd2,3,1,09470ac6-9deb-4e0d-91c3-f80097848d6f
283,777c248c-c896-438e-bbff-1b1223c4e266,0,0,09470ac6-9deb-4e0d-91c3-f80097848d6f
284,cb93fcdc-c9f8-4b6b-a366-ebbb9d5aa2cf,2,1,09470ac6-9deb-4e0d-91c3-f80097848d6f
285,22f3537e-24d6-4155-b456-20c0368fc138,1,1,09470ac6-9deb-4e0d-91c3-f80097848d6f
286,a82ac480-2600-479d-b503-61b5a8dbdafe,0,0,09470ac6-9deb-4e0d-91c3-f80097848d6f
287,57b6aec7-8f65-45d1-afd1-cd1ecb7999e3,1,1,09470ac6-9deb-4e0d-91c3-f80097848d6f
288,510e9112-0548-4e1a-bf9d-f46c1ecac71f,0,0,09470ac6-9deb-4e0d-91c3-f80097848d6f
289,d55379c4-c0ef-42d6-8425-f6c4b065d0cc,0,1,7a366677-481c-46cb-89bd-091d92a3c870
290,48ab5cb0-13c1-43b2-8888-7b4bcc1fd0d9,0,1,7a366677-481c-46cb-89bd-091d92a3c870
291,484a9df5-e09d-46f8-bd3f-34f65bb4532a,0,1,7a366677-481c-46cb-89bd-091d92a3c870
292,ae551518-1fa2-4257-bef1-81adcb8ddf7a,0,1,7a366677-481c-46cb-89bd-091d92a3c870
293,b80f3472-a137-41be-84b5-4cb34d53297f,1,1,7a366677-481c-46cb-89bd-091d92a3c870
294,3279ef94-4b6c-4547-9f96-c92875f7002b,1,1,7a366677-481c-46cb-89bd-091d92a3c870
295,65c65a8a-7710-4237-a60d-989d5a10ac16,1,1,43a0990f-600e-434a-9b2d-82016fcea635
296,cdfc8537-e76f-4d8e-8901-828d59feff57,1,0,7a366677-481c-46cb-89bd-091d92a3c870
297,a2fbcb71-5794-4d59-a7b3-80b749ecb474,3,1,7a366677-481c-46cb-89bd-091d92a3c870
298,3a0896ba-2ff7-4714-b6c2-4cbfa7a969dd,3,0,7a366677-481c-46cb-89bd-091d92a3c870
299,8a81e5c5-106f-49ee-9a8b-99593280b4e7,2,1,7a366677-481c-46cb-89bd-091d92a3c870
300,01ea5862-5ddd-404e-a938-e3aa6dd1659f,3,0,7a366677-481c-46cb-89bd-091d92a3c870
301,0cab69f7-194b-4c99-a60d-6f022db709bb,1,0,7a366677-481c-46cb-89bd-091d92a3c870
302,cc30f9cf-81a4-4aac-b780-d6c6190d9951,1,0,7a366677-481c-46cb-89bd-091d92a3c870
303,6567ae16-39b9-4b2f-92d9-14e13f0462ee,1,1,7a366677-481c-46cb-89bd-091d92a3c870
304,90659c84-2e15-4eca-ad8a-8c01d2ae37fb,2,1,7a366677-481c-46cb-89bd-091d92a3c870
305,5bc7d4e8-60df-409b-a370-7a2f501e9301,2,1,7a366677-481c-46cb-89bd-091d92a3c870
306,4d507e53-ae08-4db5-b9bb-b81049170ef1,2,1,7a366677-481c-46cb-89bd-091d92a3c870
307,388c2456-b1f6-4bd6-b8da-8605eab307d7,1,1,7a366677-481c-46cb-89bd-091d92a3c870
308,7dee876d-690f-4302-a189-1c6e28f244fc,2,1,7a366677-481c-46cb-89bd-091d92a3c870
309,517ce0b8-f773-4ba7-9123-d56eef9625da,0,1,7a366677-481c-46cb-89bd-091d92a3c870
310,b4656437-c22e-4d70-8bf0-3e8f5b03bf46,0,1,7a366677-481c-46cb-89bd-091d92a3c870
311,5bf9b6f1-53d2-4c0b-94a4-87bc51695504,0,1,7a366677-481c-46cb-89bd-091d92a3c870
312,0c8ba796-ae20-4987-be90-e2c06e4dfee3,3,0,2ba25767-9ef1-40aa-ad4a-668bf51314b3
313,22192508-501e-46fb-8097-8d9617376341,2,0,2ba25767-9ef1-40aa-ad4a-668bf51314b3
314,858bd9e7-63d5-4a5a-b231-21cb4c57e07d,2,0,2ba25767-9ef1-40aa-ad4a-668bf51314b3
315,7da98b61-56c3-43c9-848a-c26284024197,3,0,2ba25767-9ef1-40aa-ad4a-668bf51314b3
316,ae384ed7-052f-4d61-9992-7462ec1c7e11,0,0,2ba25767-9ef1-40aa-ad4a-668bf51314b3
317,0249b2a9-ea3e-45aa-975b-16267ce7ee44,2,0,2ba25767-9ef1-40aa-ad4a-668bf51314b3
318,fb9a78af-6142-44f7-a9b1-e538697daef9,3,0,2ba25767-9ef1-40aa-ad4a-668bf51314b3
319,2502c1e9-b85f-4b0f-a5ff-a3c3f100cded,3,0,2ba25767-9ef1-40aa-ad4a-668bf51314b3
320,4d9b543c-b66d-476f-9273-2402f4e7471f,6,0,14629148-53a8-431d-852b-bec393be9b9e
321,b10d03f8-18eb-421c-9839-0050b1d586b1,2,1,14629148-53a8-431d-852b-bec393be9b9e
322,850d71cb-5b1b-45c9-aacb-4bbf92d3caa5,2,0,14629148-53a8-431d-852b-bec393be9b9e
323,eae3ffb2-df4e-4cc5-93c3-9762a99aa702,3,0,14629148-53a8-431d-852b-bec393be9b9e
324,712022aa-703f-4231-afb7-b72ffa362838,2,0,14629148-53a8-431d-852b-bec393be9b9e
325,b1cb0757-17f7-4e85-8c54-00c6603c8fac,0,0,14629148-53a8-431d-852b-bec393be9b9e
326,3d7b6646-e3ec-4a87-bf2b-209fd5a61512,3,1,9c1df5f9-7d95-4135-9c83-14e45e785423
327,01e9efdf-cebe-4432-8f8a-521c11f2ad3c,2,0,9c1df5f9-7d95-4135-9c83-14e45e785423
328,670c5fd3-3801-4866-a342-62b5df9c23e8,1,0,9c1df5f9-7d95-4135-9c83-14e45e785423
329,fa57ef95-bc7f-4479-81fd-19a23d71412c,2,0,9c1df5f9-7d95-4135-9c83-14e45e785423
330,d37760ef-c1a9-4d1d-81a7-23231da164da,3,1,9c1df5f9-7d95-4135-9c83-14e45e785423
331,3aad56d9-c296-4572-8c1c-8ee83c4f4f25,2,1,9c1df5f9-7d95-4135-9c83-14e45e785423
332,d4835cb2-386c-45fd-b6d7-9faeac4ac0e3,3,1,9c1df5f9-7d95-4135-9c83-14e45e785423
333,8556c6b1-16a9-422e-b94b-a6eeaf052c11,3,1,9c1df5f9-7d95-4135-9c83-14e45e785423
334,de87761d-edba-401f-90c5-b52292d5bc2f,1,0,9c1df5f9-7d95-4135-9c83-14e45e785423
335,2fa11082-cf0e-440c-b047-2d33e6170ae0,0,0,2ba25767-9ef1-40aa-ad4a-668bf51314b3
336,552bb987-0d40-461f-9ec2-24d4bc57fe56,3,0,43a0990f-600e-434a-9b2d-82016fcea635
337,57818bfa-dd1c-4915-9ff5-a2d08c360b2a,3,1,43a0990f-600e-434a-9b2d-82016fcea635
338,af0a9bbf-6459-4191-8dcd-e265bee4a785,2,1,43a0990f-600e-434a-9b2d-82016fcea635
339,66e972a9-f328-4402-994f-a63ae9924353,2,1,43a0990f-600e-434a-9b2d-82016fcea635
340,8426c9c9-5aae-47f3-9c1c-7d16d9262f75,2,1,43a0990f-600e-434a-9b2d-82016fcea635
341,39659ed7-9c0e-4831-82d3-e380455b0212,0,1,43a0990f-600e-434a-9b2d-82016fcea635
342,2a2be1e3-452e-42c0-bfe0-85e0b7f0aa7b,2,0,43a0990f-600e-434a-9b2d-82016fcea635
343,2475f309-22fc-4a2a-b4e2-91df89084383,2,1,43a0990f-600e-434a-9b2d-82016fcea635
344,e90b6ab2-b549-4a80-939f-d58ae55c1c84,3,1,43a0990f-600e-434a-9b2d-82016fcea635
345,7b62f769-ae61-42ba-b638-33dd96b1a85e,1,1,9c1df5f9-7d95-4135-9c83-14e45e785423
346,ecc6789a-ba52-4730-8fd1-de047be0dd37,3,1,9c1df5f9-7d95-4135-9c83-14e45e785423
347,28bc15d1-d005-4ec8-9aee-2007b4f1b848,2,1,9c1df5f9-7d95-4135-9c83-14e45e785423
348,5084c06c-6284-4c60-9ae4-cdd5154dd344,1,1,9c1df5f9-7d95-4135-9c83-14e45e785423
349,5428defe-1682-468b-a45d-aacaf5ffb4f2,3,1,9c1df5f9-7d95-4135-9c83-14e45e785423
350,c066081e-116b-43ec-95fa-00bbb3c26842,2,1,9c1df5f9-7d95-4135-9c83-14e45e785423
351,4a907f44-4bb0-4116-9877-7fb380c5f0a0,3,1,9c1df5f9-7d95-4135-9c83-14e45e785423
352,e5412e65-9552-4d18-9c62-67624249545b,1,0,9c1df5f9-7d95-4135-9c83-14e45e785423
353,f00ae668-e192-45b4-81e1-d89de1ffd3de,0,1,43a0990f-600e-434a-9b2d-82016fcea635
354,d4d826de-b985-4744-aede-276912d68e5f,0,1,43a0990f-600e-434a-9b2d-82016fcea635
355,660e44c2-5f07-4535-a640-423564236d5e,0,1,43a0990f-600e-434a-9b2d-82016fcea635
356,a700dbb5-64f7-41d9-a1fd-40d650b18b55,1,1,43a0990f-600e-434a-9b2d-82016fcea635
357,a09062b1-4f4d-45e7-b3e8-3ce097943e98,0,1,43a0990f-600e-434a-9b2d-82016fcea635
358,af2b64fa-0940-4fb3-b6c8-4d3e41dc727a,0,1,43a0990f-600e-434a-9b2d-82016fcea635
359,57471fb8-86c8-4967-897b-f2951f69a025,0,1,43a0990f-600e-434a-9b2d-82016fcea635
360,071b69df-f454-4714-8dc7-3c045e3b88f9,0,1,43a0990f-600e-434a-9b2d-82016fcea635
361,89e78a8f-bdbd-4e2b-b0e3-75c9b4c9c683,0,1,43a0990f-600e-434a-9b2d-82016fcea635
362,3a2dde4a-b472-4a6a-88cc-961e5cf511d2,0,1,43a0990f-600e-434a-9b2d-82016fcea635
363,4841f5e3-f621-49b6-8343-2f18fcb1b931,0,1,43a0990f-600e-434a-9b2d-82016fcea635
364,64baf501-47d4-4e8f-a605-681547e10b18,1,1,43a0990f-600e-434a-9b2d-82016fcea635
365,7fa5ab5a-f7aa-4fb0-9fe0-f064cf216fc0,0,1,43a0990f-600e-434a-9b2d-82016fcea635
366,049a226c-7623-47e8-9fd6-664309f60ec3,0,1,43a0990f-600e-434a-9b2d-82016fcea635
367,b6716b24-fdca-4255-8046-b107962e0757,0,1,43a0990f-600e-434a-9b2d-82016fcea635
368,bb407d61-0eaf-4dee-ae49-212b1ac23d6b,0,1,43a0990f-600e-434a-9b2d-82016fcea635
369,8b7a5924-102d-4a92-8cce-91c63ecca5b4,1,1,43a0990f-600e-434a-9b2d-82016fcea635
370,ad893cdf-9d26-474d-bfbc-4cbec76b7ccf,0,1,43a0990f-600e-434a-9b2d-82016fcea635
371,80f7825c-9bf1-4162-b316-68a5a12c62b7,0,1,43a0990f-600e-434a-9b2d-82016fcea635
372,2a5f8711-00aa-4c77-8270-65b5b7561fed,0,1,43a0990f-600e-434a-9b2d-82016fcea635
373,0245d4b2-f9b9-408d-b3bb-5b0767eb2d22,1,1,09470ac6-9deb-4e0d-91c3-f80097848d6f
374,66a12156-3bde-418d-8f69-4c39b812fd00,1,1,09470ac6-9deb-4e0d-91c3-f80097848d6f
375,3e0597a1-31af-4754-8a9c-4b8cf7929c63,1,1,09470ac6-9deb-4e0d-91c3-f80097848d6f
376,8b1497e3-7708-462c-b32b-e47c24f4d055,2,0,09470ac6-9deb-4e0d-91c3-f80097848d6f
377,55f5f88b-5fe5-4759-8397-172ba80ff50f,1,0,09470ac6-9deb-4e0d-91c3-f80097848d6f
378,e547f506-bade-40bb-8907-853b5ad90ddf,1,0,43a0990f-600e-434a-9b2d-82016fcea635
379,743a60f1-f50b-478e-b21e-41452f3f54c6,0,0,43a0990f-600e-434a-9b2d-82016fcea635
380,99fb3f09-45ef-4f0f-8c72-143e1214e760,1,0,43a0990f-600e-434a-9b2d-82016fcea635
381,aaf3e2be-7e9e-4979-aaa0-d4655de2ce52,1,1,43a0990f-600e-434a-9b2d-82016fcea635
382,ba329c04-7b21-444b-9de1-b0b6fd4c5420,0,1,43a0990f-600e-434a-9b2d-82016fcea635
383,eabec134-aac3-4bd2-a494-e0040b8ecd52,1,0,43a0990f-600e-434a-9b2d-82016fcea635
384,58af43bf-bb7b-4d5b-ab93-9c7ec2f38305,1,1,43a0990f-600e-434a-9b2d-82016fcea635
385,fbca362b-0833-4a99-adba-cf3a8bf80092,0,0,43a0990f-600e-434a-9b2d-82016fcea635
386,46fa564c-746f-4962-afa2-bd1d6fe5b746,0,1,7a366677-481c-46cb-89bd-091d92a3c870
387,3ea9fce3-158f-4783-b388-17a0c6f0927b,2,1,43a0990f-600e-434a-9b2d-82016fcea635
388,4a277715-804c-4186-8d02-cd02e5c62bec,1,1,43a0990f-600e-434a-9b2d-82016fcea635
389,ca44a208-6356-4daf-85f3-cdda35ee4401,2,1,43a0990f-600e-434a-9b2d-82016fcea635
390,16ffc6e0-bc38-42cf-9023-644275acf657,1,1,43a0990f-600e-434a-9b2d-82016fcea635
391,d650926c-769a-47cb-8cbd-05cb1d2cecb6,2,1,43a0990f-600e-434a-9b2d-82016fcea635
392,0460fe68-e922-46a8-a627-c2034cc76b25,3,1,43a0990f-600e-434a-9b2d-82016fcea635
393,c0584886-c92f-4770-8fec-f691fba7628d,3,1,43a0990f-600e-434a-9b2d-82016fcea635
394,10696d88-7354-45a9-ae50-7e0d69884180,3,1,43a0990f-600e-434a-9b2d-82016fcea635
395,d7a421b9-d924-4334-a2a0-a57c9100c511,3,1,43a0990f-600e-434a-9b2d-82016fcea635
396,55f005d3-60c5-4c4e-9655-1c62fc579ab9,1,1,43a0990f-600e-434a-9b2d-82016fcea635
397,ec7d645a-5381-421c-9c04-010b4025e7a5,2,0,43a0990f-600e-434a-9b2d-82016fcea635
398,499825fa-678d-475b-b87a-dfd8446e792b,2,0,43a0990f-600e-434a-9b2d-82016fcea635
399,2c70395d-4a45-45ad-ae85-2ef09e6a5d5a,1,0,43a0990f-600e-434a-9b2d-82016fcea635
400,52ab9cbd-b8b3-49d7-908c-7f117787aaf4,3,1,43a0990f-600e-434a-9b2d-82016fcea635
401,19d2d711-da23-483f-ae00-f2a66db94646,2,0,43a0990f-600e-434a-9b2d-82016fcea635
402,e3c7c0f3-d39a-47a8-8608-ee76b8c3a3eb,0,1,43a0990f-600e-434a-9b2d-82016fcea635
403,bc8030de-c72b-48e1-8c49-25be2b87de00,0,1,43a0990f-600e-434a-9b2d-82016fcea635
404,ae536515-e159-403c-bb9f-1c751f56c714,0,1,43a0990f-600e-434a-9b2d-82016fcea635
405,b5e4b2df-e066-4c70-8e19-cf225a4d528b,0,1,43a0990f-600e-434a-9b2d-82016fcea635
406,e8abeb0c-f8f2-42dd-92a8-ef24f7266100,0,1,43a0990f-600e-434a-9b2d-82016fcea635
407,2408e0e2-fd40-4e93-b4ad-e727f5330a32,0,1,43a0990f-600e-434a-9b2d-82016fcea635
408,5428dbf1-1023-414f-b7a6-e3af8171c885,0,1,43a0990f-600e-434a-9b2d-82016fcea635
409,6a3128bb-da79-405e-a131-1efc63ee6435,0,1,43a0990f-600e-434a-9b2d-82016fcea635
410,0ee242b6-6835-4ac5-b757-ae29eaab105b,0,1,43a0990f-600e-434a-9b2d-82016fcea635
411,e76dae30-5765-451d-a2a5-0fb3c58ece8d,1,0,43a0990f-600e-434a-9b2d-82016fcea635
412,1755f154-1118-438e-b550-f756ab52071e,0,1,43a0990f-600e-434a-9b2d-82016fcea635
413,ff1361cb-d2f0-4e40-bb8d-801ae6289624,0,1,43a0990f-600e-434a-9b2d-82016fcea635
414,fe67bf84-a874-4fd1-a232-c62be5508187,1,0,43a0990f-600e-434a-9b2d-82016fcea635
415,574a1d0b-34dd-4daa-939d-44e988b8151b,1,1,43a0990f-600e-434a-9b2d-82016fcea635
416,3f1b99ec-4392-4d85-a160-d4f54c8b788d,0,0,43a0990f-600e-434a-9b2d-82016fcea635
417,4da7bac9-9993-4145-8e85-eedcb9f0d66b,0,0,43a0990f-600e-434a-9b2d-82016fcea635
418,90a5b5c7-9717-4eb8-abeb-124644e4cf20,1,0,43a0990f-600e-434a-9b2d-82016fcea635
419,a6a77836-9980-4fd4-bbe7-1be209a87620,0,1,43a0990f-600e-434a-9b2d-82016fcea635
420,22b01827-f306-46ca-82a8-cd6294bfb3ee,0,0,43a0990f-600e-434a-9b2d-82016fcea635
421,f4668524-e0a7-4bd8-b665-1e3240736ce3,0,0,43a0990f-600e-434a-9b2d-82016fcea635
422,b45b67ae-d9f8-450c-96bc-07a4ec952497,0,1,43a0990f-600e-434a-9b2d-82016fcea635
423,15e611aa-6ead-45d4-9bd2-07d514693dff,0,0,43a0990f-600e-434a-9b2d-82016fcea635
424,7549c43a-60a2-4dcf-8b44-2e5404e6f4b9,0,0,43a0990f-600e-434a-9b2d-82016fcea635
425,45f4ea31-a9f2-4460-b6c2-d41951d1aa66,0,1,43a0990f-600e-434a-9b2d-82016fcea635
426,c2a302fd-62de-4d15-81d4-1bd381881afa,1,1,43a0990f-600e-434a-9b2d-82016fcea635
427,9b381cf2-d9e8-4a6c-8110-d57e8eafae87,2,0,43a0990f-600e-434a-9b2d-82016fcea635
428,0e10e24a-73fe-4bd5-9d3f-981a49d5263b,3,1,43a0990f-600e-434a-9b2d-82016fcea635
429,9979ab7e-cff6-447d-9261-038cf55e330d,2,0,43a0990f-600e-434a-9b2d-82016fcea635
430,5b755c25-864a-4c61-bcff-fd8ae560d2ee,1,1,43a0990f-600e-434a-9b2d-82016fcea635
431,efe0eb79-419a-4cba-9ba0-fd5827b67320,1,0,43a0990f-600e-434a-9b2d-82016fcea635
432,bf1e25e1-dcb6-415a-be0a-4c9c03ae9be3,3,0,43a0990f-600e-434a-9b2d-82016fcea635
433,cbea609d-cb4d-4e9e-a4ae-a35310f3377e,2,1,43a0990f-600e-434a-9b2d-82016fcea635
434,2cdb501e-a5d4-413d-8774-917f839c86b1,0,0,43a0990f-600e-434a-9b2d-82016fcea635
435,8bacf8ec-94aa-45ec-b291-2b708499ace1,3,0,43a0990f-600e-434a-9b2d-82016fcea635
436,d79f2c43-6aaa-456e-8aae-7e1c03b07bba,1,1,43a0990f-600e-434a-9b2d-82016fcea635
437,db962632-4574-4d60-8f58-9146e83f8717,2,1,43a0990f-600e-434a-9b2d-82016fcea635
438,7d50aec3-61ba-4dd7-9bac-bff3efda2f04,3,1,43a0990f-600e-434a-9b2d-82016fcea635
439,3ed12343-cdc6-4185-ad1c-f4dd9b2e1510,1,0,43a0990f-600e-434a-9b2d-82016fcea635
440,6e534def-becd-4c16-83e7-f7260b430202,0,1,43a0990f-600e-434a-9b2d-82016fcea635
441,9fcf1d27-ec4c-4fb6-a49b-bd04131972d0,1,0,43a0990f-600e-434a-9b2d-82016fcea635
442,4e08037e-3417-4416-b6c1-be28f67cca57,3,1,43a0990f-600e-434a-9b2d-82016fcea635
443,597b3758-5348-4d1d-90b1-e8c8cef79e09,3,1,43a0990f-600e-434a-9b2d-82016fcea635
444,2e049967-b0d3-4406-982b-43bb11671894,2,1,43a0990f-600e-434a-9b2d-82016fcea635
445,42651456-41a0-4d66-9bf2-0c8163281c5c,2,0,43a0990f-600e-434a-9b2d-82016fcea635
446,f9cccf42-f456-4153-84d3-3963242b805c,1,0,43a0990f-600e-434a-9b2d-82016fcea635
447,03d180d9-1447-4fed-bf37-9a5d5e5c0174,1,1,43a0990f-600e-434a-9b2d-82016fcea635
448,aff8931a-1d7b-448a-8c5d-c90812ec4279,0,1,09470ac6-9deb-4e0d-91c3-f80097848d6f
449,3d7cff96-1c5b-4a5e-83a6-ea707ebff2e9,0,1,09470ac6-9deb-4e0d-91c3-f80097848d6f
450,132beb10-f96f-492a-b11e-11cbeaa774a5,0,1,09470ac6-9deb-4e0d-91c3-f80097848d6f
451,50d030d9-ca24-4603-8a26-0cc630971079,0,1,09470ac6-9deb-4e0d-91c3-f80097848d6f
452,a956d9e3-daf1-4ff6-a962-d25b66899536,0,1,09470ac6-9deb-4e0d-91c3-f80097848d6f
453,fbf2d455-06a7-476c-b0fd-f3ffe76e4a55,0,0,09470ac6-9deb-4e0d-91c3-f80097848d6f
454,5701b732-0600-4e4c-9629-d971591c47a4,0,1,09470ac6-9deb-4e0d-91c3-f80097848d6f
455,c22d41a1-751c-495c-a0e8-abce4a639aba,0,1,09470ac6-9deb-4e0d-91c3-f80097848d6f
456,dea204f7-33a3-4133-8a55-e97a649e31f5,0,1,09470ac6-9deb-4e0d-91c3-f80097848d6f
457,490bb0f4-6fa3-4e58-8e5a-e1a3e926cf91,0,0,09470ac6-9deb-4e0d-91c3-f80097848d6f
458,ef7f2656-c3e0-46d0-948d-0092e8d97c46,0,1,09470ac6-9deb-4e0d-91c3-f80097848d6f
459,a3d1d61c-65bb-4fc4-8660-cee21f046704,3,0,b3d658b3-b9d5-454c-8ba4-4fa6e8f73dd6
460,fbb9068a-88f9-47a8-8e14-07621e31c42b,5,0,b3d658b3-b9d5-454c-8ba4-4fa6e8f73dd6
461,dea8560f-8c0a-4330-a514-d218874ce665,6,0,b3d658b3-b9d5-454c-8ba4-4fa6e8f73dd6
462,6bc227d8-ef2a-4b94-af6e-f1774c9906c4,4,1,b3d658b3-b9d5-454c-8ba4-4fa6e8f73dd6
463,dc4617cb-3b97-411e-afe9-77b51147a91f,5,1,b3d658b3-b9d5-454c-8ba4-4fa6e8f73dd6
464,a8a1d4df-7006-435f-9a22-bbd4ce82b2e4,1,0,b3d658b3-b9d5-454c-8ba4-4fa6e8f73dd6
465,d27f788f-1f0a-40d5-8bce-703d039f1b85,1,1,9c1df5f9-7d95-4135-9c83-14e45e785423
466,641c4eed-dab7-464d-ad74-a7d9672eb551,2,0,9c1df5f9-7d95-4135-9c83-14e45e785423
467,3a010fb0-1172-4e48-8293-b49fe9f504e5,0,0,9c1df5f9-7d95-4135-9c83-14e45e785423
468,2dbb4e98-bd2c-4a02-8704-0c83279c3d64,1,1,9c1df5f9-7d95-4135-9c83-14e45e785423
469,b4840d5c-0b45-40c8-b4d3-1051c065f314,0,1,9c1df5f9-7d95-4135-9c83-14e45e785423
470,8e211088-015c-4d88-820d-86aa85611397,1,1,9c1df5f9-7d95-4135-9c83-14e45e785423
471,9b633928-3824-4de1-b982-8cab6613151e,1,0,9c1df5f9-7d95-4135-9c83-14e45e785423
472,40b9e63b-a19b-4b72-bf8a-c436e99af679,1,1,9c1df5f9-7d95-4135-9c83-14e45e785423
473,d79696d7-c65f-4de6-badd-8798394c3744,1,1,9c1df5f9-7d95-4135-9c83-14e45e785423
474,52ee07d6-5b89-4ab1-bf2a-492ca58927dc,1,1,9c1df5f9-7d95-4135-9c83-14e45e785423
475,701666cb-fba2-496d-918c-28f60fb22534,2,1,9c1df5f9-7d95-4135-9c83-14e45e785423
476,c4ad1989-c15f-46ae-892c-a8309e0a6a66,1,0,9c1df5f9-7d95-4135-9c83-14e45e785423
477,12cba3ae-4ae1-4846-8475-0382311f10ae,1,0,9c1df5f9-7d95-4135-9c83-14e45e785423
478,0979f9c0-fec7-4621-acc9-7c5486dd2c7b,0,0,9c1df5f9-7d95-4135-9c83-14e45e785423
479,ca649478-463a-417a-a920-64b2e9417002,0,0,9c1df5f9-7d95-4135-9c83-14e45e785423
480,72dc0320-8c87-4d92-9a66-fae42d804c7c,1,1,9c1df5f9-7d95-4135-9c83-14e45e785423
481,0644bd0e-154d-4b24-b8dd-d8af822aebb7,0,1,9c1df5f9-7d95-4135-9c83-14e45e785423
482,819a9ec8-4e7c-4955-851c-8de092d5a423,0,0,9c1df5f9-7d95-4135-9c83-14e45e785423
483,499459ef-65b6-48b3-adbb-fb0e3f65fa10,2,1,9c1df5f9-7d95-4135-9c83-14e45e785423
484,5ea25fdd-7615-4814-bda0-9d979146fb06,0,1,9c1df5f9-7d95-4135-9c83-14e45e785423
485,46ed4ce5-eb16-4054-a44b-590cc9c36aa4,0,1,9c1df5f9-7d95-4135-9c83-14e45e785423
486,01207a1c-ec1b-454d-9e4f-64bd89574d5c,0,1,9c1df5f9-7d95-4135-9c83-14e45e785423
487,b54e50d3-f3f1-47e2-9576-8c8b0c12f831,0,1,9c1df5f9-7d95-4135-9c83-14e45e785423
488,81c4e926-6f45-453e-a8f8-da2fb8a2bc4d,0,1,9c1df5f9-7d95-4135-9c83-14e45e785423
489,8ff632fb-6878-4123-9d21-c173ded270cd,0,1,9c1df5f9-7d95-4135-9c83-14e45e785423
490,c3125eea-be23-4753-91fa-176d4a7e7171,0,1,9c1df5f9-7d95-4135-9c83-14e45e785423
491,5743467c-5e88-42f8-8dba-6851fbdf4755,0,1,9c1df5f9-7d95-4135-9c83-14e45e785423
492,56fab64b-5d61-4fe0-b814-915b80bf8c03,0,1,9c1df5f9-7d95-4135-9c83-14e45e785423
493,1b58d0fe-45b6-4636-a71b-78c1b7abd909,0,1,9c1df5f9-7d95-4135-9c83-14e45e785423
494,b1d625bb-0a9e-465e-8089-cbd003dd39d2,0,1,9c1df5f9-7d95-4135-9c83-14e45e785423
495,7136dd29-c21c-45a1-bbbc-6a8dead8a1ad,0,1,9c1df5f9-7d95-4135-9c83-14e45e785423
496,b3effcf1-e37e-45d8-bae5-7ab39affe17f,0,1,9c1df5f9-7d95-4135-9c83-14e45e785423
497,d1863a77-dd35-4c47-b5fe-de7d7db8e1c9,0,1,9c1df5f9-7d95-4135-9c83-14e45e785423
498,369125fa-25d3-4d7b-898a-f86a1cc89681,7,0,a51ad0ca-d77b-4e28-8753-36044bf265d2
499,56cc8444-3359-4e30-a389-49d616099bbf,10,0,a51ad0ca-d77b-4e28-8753-36044bf265d2
500,cb5c768c-a02c-4626-bb6e-267f1de0e2ee,5,0,a51ad0ca-d77b-4e28-8753-36044bf265d2
501,4258778a-d565-4edd-8113-da1d81dacc0f,0,0,a51ad0ca-d77b-4e28-8753-36044bf265d2
502,5e0a8e3c-53dd-495d-a98d-8a3a76cdaf39,3,0,a51ad0ca-d77b-4e28-8753-36044bf265d2
503,fd50e404-708c-44db-99d1-272f323ab1a7,5,0,a51ad0ca-d77b-4e28-8753-36044bf265d2
504,0f78e3ad-8705-42bc-8eba-78c7c51a35e4,7,0,a51ad0ca-d77b-4e28-8753-36044bf265d2
505,3d46bd57-64b2-4e27-a155-1880642f7f9e,7,0,a51ad0ca-d77b-4e28-8753-36044bf265d2
506,07a5af77-66f4-4f59-9bed-dd7563da77dd,7,0,a51ad0ca-d77b-4e28-8753-36044bf265d2
507,44059cc6-2742-4f3b-8df3-2c9d6fd997d2,2,0,a51ad0ca-d77b-4e28-8753-36044bf265d2
508,30ede2ab-9a69-49bb-b559-dd7049fafb5a,5,0,a51ad0ca-d77b-4e28-8753-36044bf265d2
509,913c9a50-b891-48be-8ceb-9fab9fe3af41,0,0,a51ad0ca-d77b-4e28-8753-36044bf265d2
510,aeca73ce-15eb-4d87-9d1e-b427b5c2aadf,4,0,b3d658b3-b9d5-454c-8ba4-4fa6e8f73dd6
511,e4664c08-0d03-44e8-9946-8cfa7a3906c2,2,0,b3d658b3-b9d5-454c-8ba4-4fa6e8f73dd6
512,71d36f2e-ac90-4dc2-97a2-b397637245b9,0,1,9c1df5f9-7d95-4135-9c83-14e45e785423
513,b4f0dc05-1996-45ae-829d-b887af1189be,0,1,9c1df5f9-7d95-4135-9c83-14e45e785423
514,60991848-8cba-418a-957a-4dbf0260a6f2,0,1,9c1df5f9-7d95-4135-9c83-14e45e785423
515,a5f5b451-f341-43ae-ad59-5c171beda6df,0,1,9c1df5f9-7d95-4135-9c83-14e45e785423
516,d9fddaca-10e6-426d-a93c-a139c91ba48f,0,1,9c1df5f9-7d95-4135-9c83-14e45e785423
517,876d39bf-ada4-4f21-994d-58ce2dd973e0,0,1,9c1df5f9-7d95-4135-9c83-14e45e785423
518,9ef98a00-3b26-47b5-8c6b-d0735c861c48,0,1,9c1df5f9-7d95-4135-9c83-14e45e785423
519,3a3cd648-c17a-417f-9e38-9c24d0aee1d7,0,1,9c1df5f9-7d95-4135-9c83-14e45e785423
520,d666ca9c-2fd4-45a4-98bd-f40ff2009273,0,1,9c1df5f9-7d95-4135-9c83-14e45e785423
521,e04c7ccd-decc-476d-869c-0d008930db41,0,1,9c1df5f9-7d95-4135-9c83-14e45e785423
522,05321c90-f169-466f-b370-24ec14684293,0,1,9c1df5f9-7d95-4135-9c83-14e45e785423
523,129c982e-da26-4155-81d8-2c318c2d7a2d,0,1,9c1df5f9-7d95-4135-9c83-14e45e785423
524,972c8cc7-0992-408b-8934-680b8941af0f,0,0,a51ad0ca-d77b-4e28-8753-36044bf265d2
525,9a622d7b-2c94-4cc5-925d-2f39739a372f,5,0,a51ad0ca-d77b-4e28-8753-36044bf265d2
526,bb16acf9-24cb-4bc4-b4fd-0f9fee4d4f01,3,1,09470ac6-9deb-4e0d-91c3-f80097848d6f
527,1a07d56b-65a1-4ef2-9417-c823b37df937,3,1,09470ac6-9deb-4e0d-91c3-f80097848d6f
528,c9e4c266-be92-474d-819a-ca90bc0679e2,3,1,09470ac6-9deb-4e0d-91c3-f80097848d6f
529,d439d07a-d4ed-44d0-9020-4704fc1b9773,5,1,09470ac6-9deb-4e0d-91c3-f80097848d6f
530,5bb9a3f3-0234-460d-9734-88f54992e3d5,2,0,09470ac6-9deb-4e0d-91c3-f80097848d6f
531,304fd295-af30-449a-a73f-8f851d63eaf3,1,1,09470ac6-9deb-4e0d-91c3-f80097848d6f
532,d056dfd7-ac3b-462c-937e-c0874afe2f23,3,1,b3d658b3-b9d5-454c-8ba4-4fa6e8f73dd6
533,451bafe9-cd64-481e-99ed-f0053ad97c46,6,1,b3d658b3-b9d5-454c-8ba4-4fa6e8f73dd6
534,c8e86775-9fbe-4408-95c4-15d614c0b135,9,0,b3d658b3-b9d5-454c-8ba4-4fa6e8f73dd6
535,01f3faa2-4ab0-4271-a736-a6dfe3bad409,2,0,b3d658b3-b9d5-454c-8ba4-4fa6e8f73dd6
536,0b689f3f-f512-448e-8215-082d77669d8f,2,1,b3d658b3-b9d5-454c-8ba4-4fa6e8f73dd6
537,55f5f3ac-fdcb-4758-89e6-97099278c667,0,0,b3d658b3-b9d5-454c-8ba4-4fa6e8f73dd6
538,c9708c08-8349-444f-9d57-e568d270dfe7,5,0,b3d658b3-b9d5-454c-8ba4-4fa6e8f73dd6
539,836e668d-9989-4187-8bce-35acc0e5a31d,3,1,fbae123a-be6b-4df7-b7a5-14a00f93d456
540,dde8a25e-c5a3-4171-aae5-0d025da0b9e1,2,1,fbae123a-be6b-4df7-b7a5-14a00f93d456
541,f36e5012-a83f-453d-8e02-8cc66919df8b,2,1,fbae123a-be6b-4df7-b7a5-14a00f93d456
542,e57edd53-5284-4756-ae9f-f4ef217779d4,1,1,fbae123a-be6b-4df7-b7a5-14a00f93d456
543,0096afe6-c0d7-44b1-8f26-a71d79f3d07a,2,0,fbae123a-be6b-4df7-b7a5-14a00f93d456
544,546143b6-2f64-4d58-9633-ef1e201913a1,1,0,fbae123a-be6b-4df7-b7a5-14a00f93d456
545,995c4312-53a2-4f04-8ebe-ee935b4d3d13,2,1,fbae123a-be6b-4df7-b7a5-14a00f93d456
546,7d046e9b-3060-48f0-8321-ee6222e53fef,4,1,09470ac6-9deb-4e0d-91c3-f80097848d6f
547,9a56f9d9-edac-490f-8956-3ef55a221a5f,3,1,09470ac6-9deb-4e0d-91c3-f80097848d6f
548,2e6a2ddc-83cc-4c48-8c70-15349bd018b6,3,1,09470ac6-9deb-4e0d-91c3-f80097848d6f
549,89c7ee9c-ac6e-490d-97aa-375b2d923496,4,1,09470ac6-9deb-4e0d-91c3-f80097848d6f
550,d3015970-2027-4698-8daa-4f78d08f6ff9,3,1,09470ac6-9deb-4e0d-91c3-f80097848d6f
551,1a0630a4-f978-40ba-b7f2-f2228b048002,2,1,09470ac6-9deb-4e0d-91c3-f80097848d6f
552,0e87a994-d57b-4141-8bd6-8c965b93ffed,3,1,09470ac6-9deb-4e0d-91c3-f80097848d6f
553,17bf6559-3952-4ba1-9638-f7d8659b86c2,3,1,09470ac6-9deb-4e0d-91c3-f80097848d6f
554,9252b9b3-4e31-46f1-a5e9-cb58a70ddaff,1,1,09470ac6-9deb-4e0d-91c3-f80097848d6f
555,260cea1f-38e7-44ea-98c6-9f7dd9189ecf,2,1,09470ac6-9deb-4e0d-91c3-f80097848d6f
556,8e45085e-4958-4a6e-8b77-431374b945ad,2,1,09470ac6-9deb-4e0d-91c3-f80097848d6f
557,d9821273-df38-417e-b749-66a29e7363a2,3,0,09470ac6-9deb-4e0d-91c3-f80097848d6f
558,70321dab-6d1e-402b-88c3-de0a07ba4847,2,1,09470ac6-9deb-4e0d-91c3-f80097848d6f
559,954969be-fc2b-4af5-968d-e9fdbe16cba2,3,1,09470ac6-9deb-4e0d-91c3-f80097848d6f
560,1c2946cb-d235-44e2-ab11-aa149e788577,2,1,09470ac6-9deb-4e0d-91c3-f80097848d6f
561,4fe4bf18-de8e-47fa-baf7-a39adde3df9b,1,0,09470ac6-9deb-4e0d-91c3-f80097848d6f
562,92bf37b2-e7c3-485b-80ae-4bb5b6ea542e,1,0,09470ac6-9deb-4e0d-91c3-f80097848d6f
563,7fc72e80-66be-468b-b8ba-45af575debab,2,0,09470ac6-9deb-4e0d-91c3-f80097848d6f
564,4bd68bff-7c34-4398-98ee-924f29851f1d,2,1,09470ac6-9deb-4e0d-91c3-f80097848d6f
565,fa0b279b-cab9-4a85-bf11-f2da49b5a961,2,0,09470ac6-9deb-4e0d-91c3-f80097848d6f
566,e328d12d-f36d-4874-be77-0fb9fa3d7e19,3,0,09470ac6-9deb-4e0d-91c3-f80097848d6f
567,47936efc-839a-42c9-bc69-ff8a574b76e3,0,1,09470ac6-9deb-4e0d-91c3-f80097848d6f
568,9d6a56b6-28bc-477b-9e3a-299be23ddd17,3,1,09470ac6-9deb-4e0d-91c3-f80097848d6f
569,c5f07496-fa25-4ee7-8349-5538c5a0f503,2,1,09470ac6-9deb-4e0d-91c3-f80097848d6f
570,071d8c02-3e5d-41cf-9d3e-1ab86fd044bf,3,1,09470ac6-9deb-4e0d-91c3-f80097848d6f
571,c324bee2-ccba-48a1-918c-1c2cc9ceebd4,0,1,09470ac6-9deb-4e0d-91c3-f80097848d6f
572,2fa4d0fd-3293-4e9b-b1ce-a6060d779c41,2,0,fbae123a-be6b-4df7-b7a5-14a00f93d456
573,9c339255-3549-4114-a96c-8caf7f6fe866,1,0,fbae123a-be6b-4df7-b7a5-14a00f93d456
574,e8d56eb9-8622-4dc3-8dd6-1994f615e36f,1,1,fbae123a-be6b-4df7-b7a5-14a00f93d456
575,324cbee0-75bc-471f-8de0-7affea5a6f79,1,0,fbae123a-be6b-4df7-b7a5-14a00f93d456
576,c4735748-e118-4b22-a7cb-4825277f496a,1,1,fbae123a-be6b-4df7-b7a5-14a00f93d456
577,53a0530d-112f-4cfe-bb28-508f8ca410ea,0,0,fbae123a-be6b-4df7-b7a5-14a00f93d456
578,eb31b7dc-cb5a-401d-ba9d-9cc377a4061e,2,1,fbae123a-be6b-4df7-b7a5-14a00f93d456
579,a0d7d6ed-8fd1-4a72-9518-1f96dbbb98d0,1,1,fbae123a-be6b-4df7-b7a5-14a00f93d456
580,04ffb3cf-04b8-407b-83d0-afb6c327f66b,1,1,fbae123a-be6b-4df7-b7a5-14a00f93d456
581,30732143-db25-4f51-9e77-de9aaa0aa4de,2,0,fbae123a-be6b-4df7-b7a5-14a00f93d456
582,d87bcf83-247e-489a-92e5-1c71bab75e6a,3,1,fbae123a-be6b-4df7-b7a5-14a00f93d456
583,69b38862-7ffb-4719-9829-8badcbf0a45b,2,1,fbae123a-be6b-4df7-b7a5-14a00f93d456
584,2cdc24e9-65f7-475a-9f75-bff52674fca4,1,1,fbae123a-be6b-4df7-b7a5-14a00f93d456
585,040d1124-abce-4769-8081-b532e843bb5b,2,1,fbae123a-be6b-4df7-b7a5-14a00f93d456
586,685a01dc-f8d6-457f-a526-0778081111bb,2,1,fbae123a-be6b-4df7-b7a5-14a00f93d456
587,e277dd65-5ec8-4c9b-abe8-34c07209ea84,2,1,fbae123a-be6b-4df7-b7a5-14a00f93d456
588,f9670de7-3ef9-4eb9-b5dd-c3ae568ef7e8,2,1,fbae123a-be6b-4df7-b7a5-14a00f93d456
589,780c7295-18c7-49ec-94b3-f9204c3a1640,1,1,fbae123a-be6b-4df7-b7a5-14a00f93d456
590,dca98b6f-fbff-4c57-9e93-f3334db0955a,2,1,fbae123a-be6b-4df7-b7a5-14a00f93d456
591,c9b4732e-5e09-4dd6-8b68-a657be64e2d5,1,0,fbae123a-be6b-4df7-b7a5-14a00f93d456
592,df1f8bb3-bf5d-4dd9-8282-983e0eb4f5e2,1,1,fbae123a-be6b-4df7-b7a5-14a00f93d456
593,83143884-d6f3-4425-b877-0fa6264b52dd,1,1,fbae123a-be6b-4df7-b7a5-14a00f93d456
594,b7029b41-c562-4496-995d-949bea42383a,1,1,fbae123a-be6b-4df7-b7a5-14a00f93d456
595,9e009d33-b32b-4540-b8f6-de3c5fcff90b,1,1,fbae123a-be6b-4df7-b7a5-14a00f93d456
596,eede92e5-21a4-48df-addf-e522a77cdcf7,2,1,fbae123a-be6b-4df7-b7a5-14a00f93d456
597,4b9cd189-a541-46ed-9148-524105c84e0b,3,1,fbae123a-be6b-4df7-b7a5-14a00f93d456
598,158fee0e-fddc-400c-b1e2-681f6116dedd,1,1,fbae123a-be6b-4df7-b7a5-14a00f93d456
599,f7f98e2e-fc79-4770-aec3-7993a42bced1,0,1,09470ac6-9deb-4e0d-91c3-f80097848d6f
600,675594fa-81e2-421d-b8db-c2336a99da83,0,1,09470ac6-9deb-4e0d-91c3-f80097848d6f
601,c9ad4659-8eb0-465e-b8af-9c3cc33ee38d,0,1,09470ac6-9deb-4e0d-91c3-f80097848d6f
602,574bb564-0c4c-4e7d-a3e2-833a2b6f3800,0,1,09470ac6-9deb-4e0d-91c3-f80097848d6f
603,732eb0df-50a9-48f3-8c0d-ef5cceaafff3,1,1,09470ac6-9deb-4e0d-91c3-f80097848d6f
604,f009cd83-81d5-48a4-882c-ff0d3756363a,0,1,09470ac6-9deb-4e0d-91c3-f80097848d6f
605,33a36236-dcc6-4718-81b5-a0f8c2d12f53,0,1,09470ac6-9deb-4e0d-91c3-f80097848d6f
606,51b08cc1-9adc-43fa-8a10-0259ad8522a8,0,1,09470ac6-9deb-4e0d-91c3-f80097848d6f
607,53d70633-49f3-46da-9cfc-01a02ac5976a,1,1,09470ac6-9deb-4e0d-91c3-f80097848d6f
608,0115d0ca-8e1b-4308-b710-75d57d494418,1,1,09470ac6-9deb-4e0d-91c3-f80097848d6f
609,16245979-40c6-444c-9e12-492d9a750fce,0,1,09470ac6-9deb-4e0d-91c3-f80097848d6f
610,d3bb0a2d-4e3e-475c-929a-40dc897f3bd1,0,1,09470ac6-9deb-4e0d-91c3-f80097848d6f
611,4ad436b5-d8f7-4794-9afe-2e2f93dc0cfc,0,1,09470ac6-9deb-4e0d-91c3-f80097848d6f
612,dd9878b2-76c3-447b-9203-ff4c5016e402,0,1,09470ac6-9deb-4e0d-91c3-f80097848d6f
613,9f323f5e-cc38-4207-a736-2d8d7493a408,0,1,09470ac6-9deb-4e0d-91c3-f80097848d6f
614,6905c1a8-3c60-4bcf-8a51-9323e360e621,0,1,09470ac6-9deb-4e0d-91c3-f80097848d6f
615,e133cb80-f3ae-4ba7-bd9e-d991123cb433,1,1,09470ac6-9deb-4e0d-91c3-f80097848d6f
616,09901dd3-0035-427a-89d5-763cdd0b352c,0,1,09470ac6-9deb-4e0d-91c3-f80097848d6f
617,e4f60858-a409-4cf3-9b96-86d175e70ffc,0,1,09470ac6-9deb-4e0d-91c3-f80097848d6f
618,7ea0c382-6063-4c75-907d-a840f074b705,0,1,09470ac6-9deb-4e0d-91c3-f80097848d6f
619,4cf9c331-feca-4d2e-b8af-a238ed82621d,0,1,09470ac6-9deb-4e0d-91c3-f80097848d6f
620,3a447fd7-c263-48a4-bff9-fdb49c3107ff,1,1,09470ac6-9deb-4e0d-91c3-f80097848d6f
621,abef1033-6005-4cfd-9937-03db770b239f,0,1,09470ac6-9deb-4e0d-91c3-f80097848d6f
622,12db1b95-c69c-4498-87d7-14e2ce300a7a,0,1,09470ac6-9deb-4e0d-91c3-f80097848d6f
623,bd4d2688-cab4-428a-baf3-857a234a2a69,0,1,09470ac6-9deb-4e0d-91c3-f80097848d6f
624,61a6f064-6fa8-4d64-9a30-a48b0ff3cb4f,0,1,09470ac6-9deb-4e0d-91c3-f80097848d6f
625,16e52348-aaa5-406f-910a-ceaa27308b0d,0,1,09470ac6-9deb-4e0d-91c3-f80097848d6f
626,2e7e71cc-cbbb-4b80-9dae-f0d57c22baa5,0,1,09470ac6-9deb-4e0d-91c3-f80097848d6f
627,d4256be0-0547-4e48-921a-0434dbfa01f4,0,1,09470ac6-9deb-4e0d-91c3-f80097848d6f
628,ff532efb-77be-4542-8706-6dc2d6b19278,0,1,09470ac6-9deb-4e0d-91c3-f80097848d6f
629,a61863b7-5090-447e-aa87-aab29abacdb2,0,1,fbae123a-be6b-4df7-b7a5-14a00f93d456
630,b35e58cc-914f-4b56-be98-57e35040b413,0,1,09470ac6-9deb-4e0d-91c3-f80097848d6f
631,ba5a807a-5e6b-49a8-bfba-b4456469fe80,1,1,fbae123a-be6b-4df7-b7a5-14a00f93d456
632,9ada4205-13a4-483f-b557-21bacae6c96d,1,1,fbae123a-be6b-4df7-b7a5-14a00f93d456
633,05c2f0ff-457d-4701-9e0c-fc3899581052,1,1,fbae123a-be6b-4df7-b7a5-14a00f93d456
634,76973d32-61d8-4f95-bacc-54d4725fde98,1,1,fbae123a-be6b-4df7-b7a5-14a00f93d456
635,0c1ba2ca-5f8d-4530-bc95-efd39a05af04,1,1,fbae123a-be6b-4df7-b7a5-14a00f93d456
636,1012f884-0171-4b3a-a811-9e5e18d1840d,2,1,fbae123a-be6b-4df7-b7a5-14a00f93d456
637,ba0f7f6c-4177-461e-98c9-9e7f0882acff,0,1,fbae123a-be6b-4df7-b7a5-14a00f93d456
638,0ddd4092-1e45-4d25-96c5-ccebdd57b170,2,1,fbae123a-be6b-4df7-b7a5-14a00f93d456
639,c27a83c3-7e9d-4051-b905-9bf6a545db26,2,1,fbae123a-be6b-4df7-b7a5-14a00f93d456
640,c1e8029b-1bd1-4292-bc4d-652a5c00fdfb,1,1,fbae123a-be6b-4df7-b7a5-14a00f93d456
641,e2f2c2e8-4513-4485-b838-8a3cf3f523b3,0,1,fbae123a-be6b-4df7-b7a5-14a00f93d456
642,771a382c-df35-44d8-9e9f-bfab538e76cf,1,1,fbae123a-be6b-4df7-b7a5-14a00f93d456
643,91f73014-b653-48ec-82c7-85993b0bae4a,1,1,fbae123a-be6b-4df7-b7a5-14a00f93d456
644,056c8493-85c1-4db6-b0de-18ebbaa556ad,1,1,fbae123a-be6b-4df7-b7a5-14a00f93d456
645,458d9578-951e-47f5-a581-a79a186faf58,0,1,fbae123a-be6b-4df7-b7a5-14a00f93d456
646,71ab8396-ae91-4ce6-9241-d5f67141af15,0,1,fbae123a-be6b-4df7-b7a5-14a00f93d456
647,132fe8f2-a374-43bc-8657-be480c8d3105,0,1,fbae123a-be6b-4df7-b7a5-14a00f93d456
648,d01fc29f-3684-4ccc-8a0b-eaaa167e0ba2,0,1,fbae123a-be6b-4df7-b7a5-14a00f93d456
649,a8689b3b-8346-45f1-b984-5eb508e82d70,0,1,fbae123a-be6b-4df7-b7a5-14a00f93d456
650,d9c5ef38-f1dc-4b8a-bd93-4d8d31ef3a72,1,1,fbae123a-be6b-4df7-b7a5-14a00f93d456
651,bc814045-2fad-4137-b0c6-7c2ef9d4eca6,1,1,fbae123a-be6b-4df7-b7a5-14a00f93d456
652,4e80e0a8-80fb-4181-9607-1b78a8228219,1,1,fbae123a-be6b-4df7-b7a5-14a00f93d456
653,ce0ab3e8-5206-4256-9f14-9fa4d175a3d2,0,1,fbae123a-be6b-4df7-b7a5-14a00f93d456
654,4bd11c1f-0f4a-4e26-a961-2a9f190c822d,0,1,fbae123a-be6b-4df7-b7a5-14a00f93d456
655,649dcb8e-4a23-40f8-ab10-9d04a2bc9acb,1,1,fbae123a-be6b-4df7-b7a5-14a00f93d456
656,0d30d366-040f-4cb6-9aca-19883a2262ff,1,1,fbae123a-be6b-4df7-b7a5-14a00f93d456
657,0b221ade-a2cd-40a9-9c11-095215953c92,0,1,fbae123a-be6b-4df7-b7a5-14a00f93d456
658,46b26937-7707-4763-b99b-794b19923232,1,1,fbae123a-be6b-4df7-b7a5-14a00f93d456
659,16654f43-8179-4eaa-b3a7-0962ccbd69eb,0,1,fbae123a-be6b-4df7-b7a5-14a00f93d456
660,0dede0f0-a533-469e-a026-bd6d5b473996,0,1,fbae123a-be6b-4df7-b7a5-14a00f93d456
661,147a8819-c748-4830-9944-6336937bb7b9,0,1,fbae123a-be6b-4df7-b7a5-14a00f93d456
662,b7986309-f48d-46ff-9198-d6caea443b75,0,1,fbae123a-be6b-4df7-b7a5-14a00f93d456
663,500a5be8-7e68-4a13-9388-7901af8bc0c2,0,1,fbae123a-be6b-4df7-b7a5-14a00f93d456
664,95cfe470-5b88-46dc-8da2-e54bb8b4b340,0,1,fbae123a-be6b-4df7-b7a5-14a00f93d456
665,9c5a09c1-5488-4661-9157-a758632dbf92,0,1,fbae123a-be6b-4df7-b7a5-14a00f93d456
666,740984b4-a458-4429-aa05-a0973a74f7ff,1,1,fbae123a-be6b-4df7-b7a5-14a00f93d456
667,4b368f4e-8908-4154-a1b0-aeca28a0e68e,1,0,fbae123a-be6b-4df7-b7a5-14a00f93d456
668,93e2e91c-82d2-45cb-8970-b0bd4620614e,1,1,fbae123a-be6b-4df7-b7a5-14a00f93d456
669,5c7b4f97-b7c0-44a6-8152-9613f33ce7d8,1,1,fbae123a-be6b-4df7-b7a5-14a00f93d456
670,c8037848-9837-4834-a500-29399e33d4a6,0,1,fbae123a-be6b-4df7-b7a5-14a00f93d456
671,48942032-500c-49c3-bcf9-4bfd2ba8a7ef,1,1,fbae123a-be6b-4df7-b7a5-14a00f93d456
672,ba8e4b09-8429-46dd-80a6-b1fcb383688f,1,1,fbae123a-be6b-4df7-b7a5-14a00f93d456
673,f6ee54f5-dd5a-4f97-ba31-c520d5bc14c9,0,1,fbae123a-be6b-4df7-b7a5-14a00f93d456
674,a4164020-8bed-4ab9-83fb-5fa8e5c3f5ae,0,1,fbae123a-be6b-4df7-b7a5-14a00f93d456
675,bb2e9156-0936-499d-a295-1e61cfca2d18,0,1,fbae123a-be6b-4df7-b7a5-14a00f93d456
676,a3178f58-6596-4334-80bc-2b90d58f281f,1,1,fbae123a-be6b-4df7-b7a5-14a00f93d456
677,1ebd6bff-6477-463e-9d7c-233520ff395b,0,1,fbae123a-be6b-4df7-b7a5-14a00f93d456
678,e248c5d9-6639-4ec1-b9bf-10580f3ce010,1,1,fbae123a-be6b-4df7-b7a5-14a00f93d456
679,980135fd-7e12-417a-b284-48219451d99a,0,1,fbae123a-be6b-4df7-b7a5-14a00f93d456
680,7878ccf2-2313-480b-902f-af648ea11863,1,1,fbae123a-be6b-4df7-b7a5-14a00f93d456
681,43c475df-2db2-4c4e-ace0-90763c9e9dab,1,1,fbae123a-be6b-4df7-b7a5-14a00f93d456
682,62ae6c2f-781a-473f-982d-a61c65b84311,0,1,fbae123a-be6b-4df7-b7a5-14a00f93d456
683,16238857-cd2e-4d14-a62c-992e69eedc75,1,1,fbae123a-be6b-4df7-b7a5-14a00f93d456
